Unnamed: 0,score,label
ACATCAGCATCAGTAC-1-2:S2:11-2,0.0154729597270488,3
ACGGCCATCGTTTATC-1-2:S2:11-2,0.0150318099185824,3
ACTATCTAGGGCATGT-1-2:S2:11-2,0.1154387667775154,6
ACTGTCCCAAGACGTG-1-2:S2:11-2,0.1520900428295135,2
ACTGTCCGTTCCACAA-1-2:S2:11-2,0.182713508605957,4
ACTTGTTAGCGCTCCA-1-2:S2:11-2,0.2545724213123321,6
AGCGGTCCACATCCGG-1-2:S2:11-2,0.3579845428466797,4
AGCTTGAGTCTCCATC-1-2:S2:11-2,0.127850592136383,0
AGCTTGAGTTCCAACA-1-2:S2:11-2,0.0150511004030704,3
AGGGAGTTCCGTTGCT-1-2:S2:11-2,0.015004807151854,3
AGTAGTCGTCTCATCC-1-2:S2:11-2,0.2095081657171249,6
ATCGAGTCAGACGCCT-1-2:S2:11-2,0.0152410576120018,3
CCACCTACATATGAGA-1-2:S2:11-2,0.2718980312347412,4
CCACGGAGTCGCGAAA-1-2:S2:11-2,0.0153522631153464,3
CGACCTTCATTGGTAC-1-2:S2:11-2,0.1235443502664566,0
CGACCTTGTGAAAGAG-1-2:S2:11-2,0.0156311821192502,3
CGCCAAGCAAGTTGTC-1-2:S2:11-2,0.7823193669319153,1
CGCGTTTCAATGAAAC-1-2:S2:11-2,0.0151732908561825,3
CTCTAATCAATTGCTG-1-2:S2:11-2,0.0150588806718587,3
CTGAAGTCAATGGATA-1-2:S2:11-2,0.127824991941452,6
GAAATGAGTATATGGA-1-2:S2:11-2,0.0151732908561825,3
GAACCTAGTTCATGGT-1-2:S2:11-2,0.0811830386519432,5
GACCAATGTTCAGGCC-1-2:S2:11-2,0.7425645589828491,1
GACGTTATCATTCACT-1-2:S2:11-2,0.2266729176044464,6
GCAGTTAGTCACCCAG-1-2:S2:11-2,0.0228109434247016,3
GCATGTACATAAAGGT-1-2:S2:11-2,0.0686275660991668,5
GCGCCAAAGGCAGTCA-1-2:S2:11-2,0.7425645589828491,1
GGAATAAGTTAAGAAC-1-2:S2:11-2,0.0151344574987888,3
GGATGTTAGGAGTTGC-1-2:S2:11-2,0.1235443502664566,0
GGCGACTAGCCACTAT-1-2:S2:11-2,0.1235443502664566,0
GGGAATGTCACGGTTA-1-2:S2:11-2,0.1276684403419494,5
GGTATTGAGCAATCTC-1-2:S2:11-2,0.0152410576120018,3
GTAGGCCAGAGGTACC-1-2:S2:11-2,0.1315471678972244,2
GTCAAGTCAGTGGAGT-1-2:S2:11-2,0.1030145063996315,5
GTCATTTTCGTCGTTC-1-2:S2:11-2,0.0426415503025054,5
GTGTTAGGTAATTGGA-1-2:S2:11-2,0.2320601344108581,4
GTTCGGGTCTTTACAC-1-2:S2:11-2,0.1235443502664566,0
TAAACCGCAAGTAATG-1-2:S2:11-2,0.7405863404273987,6
TACAGTGGTTCACGGC-1-2:S2:11-2,0.0668272674083709,5
TACGGATTCGCAAGCC-1-2:S2:11-2,0.7425645589828491,1
TAGTGGTTCTTGCAAG-1-2:S2:11-2,0.0149963814765214,3
TCGAGGCTCGTAGGAG-1-2:S2:11-2,0.0839019194245338,5
TCGGGACAGGATGGTC-1-2:S2:11-2,0.2095081657171249,6
TCGTAGATCAGTCCCT-1-2:S2:11-2,0.4848173856735229,1
TGTGGTAAGTACGATA-1-2:S2:11-2,0.1235443502664566,0
TTAGTTCAGGCAAAGA-1-2:S2:11-2,0.0695168450474739,2
TTCGAAGCACCGGAAA-1-2:S2:11-2,0.0815337747335434,5
TTCTCCTTCCTCCTAG-1-2:S2:11-2,0.0582229383289814,5
